"module name","license","repository"
"@apidevtools/json-schema-ref-parser@9.0.9","MIT","https://github.com/APIDevTools/json-schema-ref-parser"
"@babel/code-frame@7.27.1","MIT","https://github.com/babel/babel"
"@babel/compat-data@7.28.4","MIT","https://github.com/babel/babel"
"@babel/core@7.28.4","MIT","https://github.com/babel/babel"
"@babel/generator@7.28.3","MIT","https://github.com/babel/babel"
"@babel/helper-compilation-targets@7.27.2","MIT","https://github.com/babel/babel"
"@babel/helper-globals@7.28.0","MIT","https://github.com/babel/babel"
"@babel/helper-module-imports@7.27.1","MIT","https://github.com/babel/babel"
"@babel/helper-module-transforms@7.28.3","MIT","https://github.com/babel/babel"
"@babel/helper-plugin-utils@7.27.1","MIT","https://github.com/babel/babel"
"@babel/helper-string-parser@7.27.1","MIT","https://github.com/babel/babel"
"@babel/helper-validator-identifier@7.27.1","MIT","https://github.com/babel/babel"
"@babel/helper-validator-option@7.27.1","MIT","https://github.com/babel/babel"
"@babel/helpers@7.28.4","MIT","https://github.com/babel/babel"
"@babel/parser@7.28.4","MIT","https://github.com/babel/babel"
"@babel/plugin-syntax-async-generators@7.8.4","MIT","https://github.com/babel/babel/tree/master/packages/babel-plugin-syntax-async-generators"
"@babel/plugin-syntax-bigint@7.8.3","MIT","https://github.com/babel/babel/tree/master/packages/babel-plugin-syntax-bigint"
"@babel/plugin-syntax-class-properties@7.12.13","MIT","https://github.com/babel/babel"
"@babel/plugin-syntax-class-static-block@7.14.5","MIT","https://github.com/babel/babel"
"@babel/plugin-syntax-import-attributes@7.27.1","MIT","https://github.com/babel/babel"
"@babel/plugin-syntax-import-meta@7.10.4","MIT","https://github.com/babel/babel"
"@babel/plugin-syntax-json-strings@7.8.3","MIT","https://github.com/babel/babel/tree/master/packages/babel-plugin-syntax-json-strings"
"@babel/plugin-syntax-jsx@7.27.1","MIT","https://github.com/babel/babel"
"@babel/plugin-syntax-logical-assignment-operators@7.10.4","MIT","https://github.com/babel/babel"
"@babel/plugin-syntax-nullish-coalescing-operator@7.8.3","MIT","https://github.com/babel/babel/tree/master/packages/babel-plugin-syntax-nullish-coalescing-operator"
"@babel/plugin-syntax-numeric-separator@7.10.4","MIT","https://github.com/babel/babel"
"@babel/plugin-syntax-object-rest-spread@7.8.3","MIT","https://github.com/babel/babel/tree/master/packages/babel-plugin-syntax-object-rest-spread"
"@babel/plugin-syntax-optional-catch-binding@7.8.3","MIT","https://github.com/babel/babel/tree/master/packages/babel-plugin-syntax-optional-catch-binding"
"@babel/plugin-syntax-optional-chaining@7.8.3","MIT","https://github.com/babel/babel/tree/master/packages/babel-plugin-syntax-optional-chaining"
"@babel/plugin-syntax-private-property-in-object@7.14.5","MIT","https://github.com/babel/babel"
"@babel/plugin-syntax-top-level-await@7.14.5","MIT","https://github.com/babel/babel"
"@babel/plugin-syntax-typescript@7.27.1","MIT","https://github.com/babel/babel"
"@babel/template@7.27.2","MIT","https://github.com/babel/babel"
"@babel/traverse@7.28.4","MIT","https://github.com/babel/babel"
"@babel/types@7.28.4","MIT","https://github.com/babel/babel"
"@bcoe/v8-coverage@0.2.3","MIT","https://github.com/demurgos/v8-coverage"
"@brewnode/server@2.4.0","Beerware","https://github.com/BrewnodeDave/brewnode-server"
"@commitlint/cli@19.8.0","MIT","https://github.com/conventional-changelog/commitlint"
"@commitlint/config-conventional@19.8.0","MIT","https://github.com/conventional-changelog/commitlint"
"@commitlint/config-validator@19.8.0","MIT","https://github.com/conventional-changelog/commitlint"
"@commitlint/ensure@19.8.0","MIT","https://github.com/conventional-changelog/commitlint"
"@commitlint/execute-rule@19.8.0","MIT","https://github.com/conventional-changelog/commitlint"
"@commitlint/format@19.8.0","MIT","https://github.com/conventional-changelog/commitlint"
"@commitlint/is-ignored@19.8.0","MIT","https://github.com/conventional-changelog/commitlint"
"@commitlint/lint@19.8.0","MIT","https://github.com/conventional-changelog/commitlint"
"@commitlint/load@19.8.0","MIT","https://github.com/conventional-changelog/commitlint"
"@commitlint/message@19.8.0","MIT","https://github.com/conventional-changelog/commitlint"
"@commitlint/parse@19.8.0","MIT","https://github.com/conventional-changelog/commitlint"
"@commitlint/read@19.8.0","MIT","https://github.com/conventional-changelog/commitlint"
"@commitlint/resolve-extends@19.8.0","MIT","https://github.com/conventional-changelog/commitlint"
"@commitlint/rules@19.8.0","MIT","https://github.com/conventional-changelog/commitlint"
"@commitlint/to-lines@19.8.0","MIT","https://github.com/conventional-changelog/commitlint"
"@commitlint/top-level@19.8.0","MIT","https://github.com/conventional-changelog/commitlint"
"@commitlint/types@19.8.0","MIT","https://github.com/conventional-changelog/commitlint"
"@hutson/parse-repository-url@3.0.2","Apache-2.0","git+https://gitlab.com/hyper-expanse/open-source/parse-repository-url"
"@istanbuljs/load-nyc-config@1.1.0","ISC","https://github.com/istanbuljs/load-nyc-config"
"@istanbuljs/schema@0.1.3","MIT","https://github.com/istanbuljs/schema"
"@jest/console@29.7.0","MIT","https://github.com/jestjs/jest"
"@jest/core@29.7.0","MIT","https://github.com/jestjs/jest"
"@jest/environment@29.7.0","MIT","https://github.com/jestjs/jest"
"@jest/expect-utils@29.7.0","MIT","https://github.com/jestjs/jest"
"@jest/expect@29.7.0","MIT","https://github.com/jestjs/jest"
"@jest/fake-timers@29.7.0","MIT","https://github.com/jestjs/jest"
"@jest/globals@29.7.0","MIT","https://github.com/jestjs/jest"
"@jest/reporters@29.7.0","MIT","https://github.com/jestjs/jest"
"@jest/schemas@29.6.3","MIT","https://github.com/jestjs/jest"
"@jest/source-map@29.6.3","MIT","https://github.com/jestjs/jest"
"@jest/test-result@29.7.0","MIT","https://github.com/jestjs/jest"
"@jest/test-sequencer@29.7.0","MIT","https://github.com/jestjs/jest"
"@jest/transform@29.7.0","MIT","https://github.com/jestjs/jest"
"@jest/types@29.6.3","MIT","https://github.com/jestjs/jest"
"@jridgewell/gen-mapping@0.3.13","MIT","https://github.com/jridgewell/sourcemaps"
"@jridgewell/remapping@2.3.5","MIT","https://github.com/jridgewell/sourcemaps"
"@jridgewell/resolve-uri@3.1.2","MIT","https://github.com/jridgewell/resolve-uri"
"@jridgewell/sourcemap-codec@1.5.5","MIT","https://github.com/jridgewell/sourcemaps"
"@jridgewell/trace-mapping@0.3.31","MIT","https://github.com/jridgewell/sourcemaps"
"@jsdevtools/ono@7.1.3","MIT","https://github.com/JS-DevTools/ono"
"@noble/hashes@1.8.0","MIT","https://github.com/paulmillr/noble-hashes"
"@paralleldrive/cuid2@2.2.2","MIT","https://github.com/ericelliott/cuid2"
"@sinclair/typebox@0.27.8","MIT","https://github.com/sinclairzx81/typebox"
"@sinonjs/commons@3.0.1","BSD-3-Clause","https://github.com/sinonjs/commons"
"@sinonjs/fake-timers@10.3.0","BSD-3-Clause","https://github.com/sinonjs/fake-timers"
"@socket.io/component-emitter@3.1.2","MIT","https://github.com/socketio/emitter"
"@types/babel__core@7.20.5","MIT","https://github.com/DefinitelyTyped/DefinitelyTyped"
"@types/babel__generator@7.27.0","MIT","https://github.com/DefinitelyTyped/DefinitelyTyped"
"@types/babel__template@7.4.4","MIT","https://github.com/DefinitelyTyped/DefinitelyTyped"
"@types/babel__traverse@7.28.0","MIT","https://github.com/DefinitelyTyped/DefinitelyTyped"
"@types/body-parser@1.19.5","MIT","https://github.com/DefinitelyTyped/DefinitelyTyped"
"@types/connect@3.4.38","MIT","https://github.com/DefinitelyTyped/DefinitelyTyped"
"@types/conventional-commits-parser@5.0.1","MIT","https://github.com/DefinitelyTyped/DefinitelyTyped"
"@types/cors@2.8.17","MIT","https://github.com/DefinitelyTyped/DefinitelyTyped"
"@types/express-serve-static-core@5.0.6","MIT","https://github.com/DefinitelyTyped/DefinitelyTyped"
"@types/express@5.0.1","MIT","https://github.com/DefinitelyTyped/DefinitelyTyped"
"@types/graceful-fs@4.1.9","MIT","https://github.com/DefinitelyTyped/DefinitelyTyped"
"@types/http-errors@2.0.4","MIT","https://github.com/DefinitelyTyped/DefinitelyTyped"
"@types/istanbul-lib-coverage@2.0.6","MIT","https://github.com/DefinitelyTyped/DefinitelyTyped"
"@types/istanbul-lib-report@3.0.3","MIT","https://github.com/DefinitelyTyped/DefinitelyTyped"
"@types/istanbul-reports@3.0.4","MIT","https://github.com/DefinitelyTyped/DefinitelyTyped"
"@types/json-schema@7.0.15","MIT","https://github.com/DefinitelyTyped/DefinitelyTyped"
"@types/mime@1.3.5","MIT","https://github.com/DefinitelyTyped/DefinitelyTyped"
"@types/minimist@1.2.5","MIT","https://github.com/DefinitelyTyped/DefinitelyTyped"
"@types/multer@1.4.12","MIT","https://github.com/DefinitelyTyped/DefinitelyTyped"
"@types/node@22.15.3","MIT","https://github.com/DefinitelyTyped/DefinitelyTyped"
"@types/normalize-package-data@2.4.4","MIT","https://github.com/DefinitelyTyped/DefinitelyTyped"
"@types/qs@6.9.18","MIT","https://github.com/DefinitelyTyped/DefinitelyTyped"
"@types/range-parser@1.2.7","MIT","https://github.com/DefinitelyTyped/DefinitelyTyped"
"@types/send@0.17.4","MIT","https://github.com/DefinitelyTyped/DefinitelyTyped"
"@types/serve-static@1.15.7","MIT","https://github.com/DefinitelyTyped/DefinitelyTyped"
"@types/stack-utils@2.0.3","MIT","https://github.com/DefinitelyTyped/DefinitelyTyped"
"@types/yargs-parser@21.0.3","MIT","https://github.com/DefinitelyTyped/DefinitelyTyped"
"@types/yargs@17.0.33","MIT","https://github.com/DefinitelyTyped/DefinitelyTyped"
"JSONStream@1.3.5","(MIT OR Apache-2.0)","https://github.com/dominictarr/JSONStream"
"accepts@1.3.8","MIT","https://github.com/jshttp/accepts"
"add-stream@1.0.0","MIT","https://github.com/wilsonjackson/add-stream"
"ajv@6.12.6","MIT","https://github.com/ajv-validator/ajv"
"ajv@8.17.1","MIT","https://github.com/ajv-validator/ajv"
"ansi-escapes@4.3.2","MIT","https://github.com/sindresorhus/ansi-escapes"
"ansi-regex@5.0.1","MIT","https://github.com/chalk/ansi-regex"
"ansi-styles@3.2.1","MIT","https://github.com/chalk/ansi-styles"
"ansi-styles@4.3.0","MIT","https://github.com/chalk/ansi-styles"
"ansi-styles@5.2.0","MIT","https://github.com/chalk/ansi-styles"
"anymatch@3.1.3","ISC","https://github.com/micromatch/anymatch"
"append-field@1.0.0","MIT","https://github.com/LinusU/node-append-field"
"argparse@1.0.10","MIT","https://github.com/nodeca/argparse"
"argparse@2.0.1","Python-2.0","https://github.com/nodeca/argparse"
"array-flatten@1.1.1","MIT","https://github.com/blakeembrey/array-flatten"
"array-ify@1.0.0","MIT","https://github.com/stevemao/array-ify"
"arrify@1.0.1","MIT","https://github.com/sindresorhus/arrify"
"asap@2.0.6","MIT","https://github.com/kriskowal/asap"
"async@0.2.10","MIT","https://github.com/caolan/async"
"async@2.6.4","MIT","https://github.com/caolan/async"
"async@3.2.6","MIT","https://github.com/caolan/async"
"asynckit@0.4.0","MIT","https://github.com/alexindigo/asynckit"
"axios@1.12.0","MIT","https://github.com/axios/axios"
"babel-jest@29.7.0","MIT","https://github.com/jestjs/jest"
"babel-plugin-istanbul@6.1.1","BSD-3-Clause","https://github.com/istanbuljs/babel-plugin-istanbul"
"babel-plugin-jest-hoist@29.6.3","MIT","https://github.com/jestjs/jest"
"babel-preset-current-node-syntax@1.2.0","MIT","https://github.com/nicolo-ribaudo/babel-preset-current-node-syntax"
"babel-preset-jest@29.6.3","MIT","https://github.com/jestjs/jest"
"balanced-match@1.0.2","MIT","https://github.com/juliangruber/balanced-match"
"base64id@2.0.0","MIT","https://github.com/faeldt/base64id"
"baseline-browser-mapping@2.8.10","Apache-2.0","https://github.com/web-platform-dx/baseline-browser-mapping"
"basic-auth@2.0.1","MIT","https://github.com/jshttp/basic-auth"
"bignumber.js@9.0.0","MIT","https://github.com/MikeMcl/bignumber.js"
"body-parser@1.19.0","MIT","https://github.com/expressjs/body-parser"
"body-parser@1.20.3","MIT","https://github.com/expressjs/body-parser"
"brace-expansion@1.1.12","MIT","https://github.com/juliangruber/brace-expansion"
"braces@3.0.3","MIT","https://github.com/micromatch/braces"
"browserslist@4.26.3","MIT","https://github.com/browserslist/browserslist"
"bser@2.1.1","Apache-2.0","https://github.com/facebook/watchman"
"buffer-from@1.1.2","MIT","https://github.com/LinusU/buffer-from"
"busboy@0.2.14","MIT","https://github.com/mscdex/busboy"
"busboy@1.6.0","MIT","https://github.com/mscdex/busboy"
"bytes@3.1.0","MIT","https://github.com/visionmedia/bytes.js"
"bytes@3.1.2","MIT","https://github.com/visionmedia/bytes.js"
"call-bind-apply-helpers@1.0.2","MIT","https://github.com/ljharb/call-bind-apply-helpers"
"call-bound@1.0.4","MIT","https://github.com/ljharb/call-bound"
"call-me-maybe@1.0.2","MIT","https://github.com/limulus/call-me-maybe"
"callsites@3.1.0","MIT","https://github.com/sindresorhus/callsites"
"camelcase-keys@6.2.2","MIT","https://github.com/sindresorhus/camelcase-keys"
"camelcase@5.3.1","MIT","https://github.com/sindresorhus/camelcase"
"camelcase@6.3.0","MIT","https://github.com/sindresorhus/camelcase"
"caniuse-lite@1.0.30001746","CC-BY-4.0","https://github.com/browserslist/caniuse-lite"
"chalk@2.4.2","MIT","https://github.com/chalk/chalk"
"chalk@4.1.2","MIT","https://github.com/chalk/chalk"
"chalk@5.4.1","MIT","https://github.com/chalk/chalk"
"char-regex@1.0.2","MIT","https://github.com/Richienb/char-regex"
"ci-info@3.9.0","MIT","https://github.com/watson/ci-info"
"cjs-module-lexer@1.4.3","MIT","https://github.com/nodejs/cjs-module-lexer"
"cliui@7.0.4","ISC","https://github.com/yargs/cliui"
"cliui@8.0.1","ISC","https://github.com/yargs/cliui"
"co@4.6.0","MIT","https://github.com/tj/co"
"collect-v8-coverage@1.0.2","MIT","https://github.com/SimenB/collect-v8-coverage"
"color-convert@1.9.3","MIT","https://github.com/Qix-/color-convert"
"color-convert@2.0.1","MIT","https://github.com/Qix-/color-convert"
"color-name@1.1.3","MIT","https://github.com/dfcreative/color-name"
"color-name@1.1.4","MIT","https://github.com/colorjs/color-name"
"combined-stream@1.0.8","MIT","https://github.com/felixge/node-combined-stream"
"compare-func@2.0.0","MIT","https://github.com/stevemao/compare-func"
"component-emitter@1.3.1","MIT","https://github.com/sindresorhus/component-emitter"
"concat-map@0.0.1","MIT","https://github.com/substack/node-concat-map"
"concat-stream@1.6.2","MIT","https://github.com/maxogden/concat-stream"
"concat-stream@2.0.0","MIT","https://github.com/maxogden/concat-stream"
"connect@3.7.0","MIT","https://github.com/senchalabs/connect"
"console-polyfill@0.3.0","MIT","https://github.com/paulmillr/console-polyfill"
"content-disposition@0.5.4","MIT","https://github.com/jshttp/content-disposition"
"content-type@1.0.5","MIT","https://github.com/jshttp/content-type"
"conventional-changelog-angular@5.0.13","ISC","https://github.com/conventional-changelog/conventional-changelog"
"conventional-changelog-angular@7.0.0","ISC","https://github.com/conventional-changelog/conventional-changelog"
"conventional-changelog-atom@2.0.8","ISC","https://github.com/conventional-changelog/conventional-changelog"
"conventional-changelog-codemirror@2.0.8","ISC","https://github.com/conventional-changelog/conventional-changelog"
"conventional-changelog-config-spec@2.1.0","MIT","https://github.com/conventional-changelog/conventional-changelog-config-spec"
"conventional-changelog-conventionalcommits@4.6.3","ISC","https://github.com/conventional-changelog/conventional-changelog"
"conventional-changelog-conventionalcommits@7.0.2","ISC","https://github.com/conventional-changelog/conventional-changelog"
"conventional-changelog-core@4.2.4","MIT","https://github.com/conventional-changelog/conventional-changelog"
"conventional-changelog-ember@2.0.9","ISC","https://github.com/conventional-changelog/conventional-changelog"
"conventional-changelog-eslint@3.0.9","ISC","https://github.com/conventional-changelog/conventional-changelog"
"conventional-changelog-express@2.0.6","ISC","https://github.com/conventional-changelog/conventional-changelog"
"conventional-changelog-jquery@3.0.11","ISC","https://github.com/conventional-changelog/conventional-changelog"
"conventional-changelog-jshint@2.0.9","ISC","https://github.com/conventional-changelog/conventional-changelog"
"conventional-changelog-preset-loader@2.3.4","MIT","https://github.com/conventional-changelog/conventional-changelog"
"conventional-changelog-writer@5.0.1","MIT","https://github.com/conventional-changelog/conventional-changelog"
"conventional-changelog@3.1.25","MIT","https://github.com/conventional-changelog/conventional-changelog"
"conventional-commits-filter@2.0.7","MIT","https://github.com/conventional-changelog/conventional-changelog"
"conventional-commits-parser@3.2.4","MIT","https://github.com/conventional-changelog/conventional-changelog"
"conventional-commits-parser@5.0.0","MIT","https://github.com/conventional-changelog/conventional-changelog"
"conventional-recommended-bump@6.1.0","MIT","https://github.com/conventional-changelog/conventional-changelog"
"convert-source-map@2.0.0","MIT","https://github.com/thlorenz/convert-source-map"
"cookie-parser@1.4.7","MIT","https://github.com/expressjs/cookie-parser"
"cookie-signature@1.0.6","MIT","https://github.com/visionmedia/node-cookie-signature"
"cookie@0.7.1","MIT","https://github.com/jshttp/cookie"
"cookie@0.7.2","MIT","https://github.com/jshttp/cookie"
"cookiejar@2.1.4","MIT","https://github.com/bmeck/node-cookiejar"
"core-util-is@1.0.3","MIT","https://github.com/isaacs/core-util-is"
"cors@2.8.5","MIT","https://github.com/expressjs/cors"
"cosmiconfig-typescript-loader@6.1.0","MIT","https://github.com/Codex-/cosmiconfig-typescript-loader"
"cosmiconfig@9.0.0","MIT","https://github.com/cosmiconfig/cosmiconfig"
"create-jest@29.7.0","MIT","https://github.com/jestjs/jest"
"cross-env@7.0.3","MIT","https://github.com/kentcdodds/cross-env"
"cross-spawn@7.0.6","MIT","https://github.com/moxystudio/node-cross-spawn"
"dargs@7.0.0","MIT","https://github.com/sindresorhus/dargs"
"dargs@8.1.0","MIT","https://github.com/sindresorhus/dargs"
"dateformat@3.0.3","MIT","https://github.com/felixge/node-dateformat"
"debug@2.6.9","MIT","https://github.com/visionmedia/debug"
"debug@4.3.7","MIT","https://github.com/debug-js/debug"
"debug@4.4.0","MIT","https://github.com/debug-js/debug"
"debug@4.4.3","MIT","https://github.com/debug-js/debug"
"decamelize-keys@1.1.1","MIT","https://github.com/sindresorhus/decamelize-keys"
"decamelize@1.2.0","MIT","https://github.com/sindresorhus/decamelize"
"dedent@1.7.0","MIT","https://github.com/dmnd/dedent"
"deepmerge@4.3.1","MIT","https://github.com/TehShrike/deepmerge"
"delayed-stream@1.0.0","MIT","https://github.com/felixge/node-delayed-stream"
"depd@1.1.2","MIT","https://github.com/dougwilson/nodejs-depd"
"depd@2.0.0","MIT","https://github.com/dougwilson/nodejs-depd"
"destroy@1.2.0","MIT","https://github.com/stream-utils/destroy"
"detect-indent@6.1.0","MIT","https://github.com/sindresorhus/detect-indent"
"detect-newline@3.1.0","MIT","https://github.com/sindresorhus/detect-newline"
"dezalgo@1.0.4","ISC","https://github.com/npm/dezalgo"
"dicer@0.2.5","MIT","https://github.com/mscdex/dicer"
"diff-sequences@29.6.3","MIT","https://github.com/jestjs/jest"
"dot-prop@5.3.0","MIT","https://github.com/sindresorhus/dot-prop"
"dotenv@16.5.0","BSD-2-Clause","https://github.com/motdotla/dotenv"
"dotgitignore@2.1.0","ISC","https://github.com/bcoe/dotgitignore"
"ds18x20@0.2.0","MIT","https://github.com/mraxus/ds18x20.js"
"dunder-proto@1.0.1","MIT","https://github.com/es-shims/dunder-proto"
"ee-first@1.1.1","MIT","https://github.com/jonathanong/ee-first"
"electron-to-chromium@1.5.228","ISC","https://github.com/kilian/electron-to-chromium"
"emittery@0.13.1","MIT","https://github.com/sindresorhus/emittery"
"emoji-regex@8.0.0","MIT","https://github.com/mathiasbynens/emoji-regex"
"encodeurl@1.0.2","MIT","https://github.com/pillarjs/encodeurl"
"encodeurl@2.0.0","MIT","https://github.com/pillarjs/encodeurl"
"engine.io-client@6.6.3","MIT","https://github.com/socketio/socket.io"
"engine.io-parser@5.2.3","MIT","https://github.com/socketio/socket.io"
"engine.io@6.6.4","MIT","https://github.com/socketio/socket.io"
"env-paths@2.2.1","MIT","https://github.com/sindresorhus/env-paths"
"error-ex@1.3.2","MIT","https://github.com/qix-/node-error-ex"
"error-stack-parser@2.1.4","MIT","https://github.com/stacktracejs/error-stack-parser"
"es-define-property@1.0.1","MIT","https://github.com/ljharb/es-define-property"
"es-errors@1.3.0","MIT","https://github.com/ljharb/es-errors"
"es-object-atoms@1.1.1","MIT","https://github.com/ljharb/es-object-atoms"
"es-set-tostringtag@2.1.0","MIT","https://github.com/es-shims/es-set-tostringtag"
"escalade@3.2.0","MIT","https://github.com/lukeed/escalade"
"escape-html@1.0.3","MIT","https://github.com/component/escape-html"
"escape-string-regexp@1.0.5","MIT","https://github.com/sindresorhus/escape-string-regexp"
"escape-string-regexp@2.0.0","MIT","https://github.com/sindresorhus/escape-string-regexp"
"esprima@4.0.1","BSD-2-Clause","https://github.com/jquery/esprima"
"etag@1.8.1","MIT","https://github.com/jshttp/etag"
"execa@5.1.1","MIT","https://github.com/sindresorhus/execa"
"exit@0.1.2","MIT","https://github.com/cowboy/node-exit"
"expect@29.7.0","MIT","https://github.com/jestjs/jest"
"express-openapi-validator@4.13.8","MIT","https://github.com/cdimascio/express-openapi-validator"
"express@4.21.2","MIT","https://github.com/expressjs/express"
"fast-deep-equal@3.1.3","MIT","https://github.com/epoberezkin/fast-deep-equal"
"fast-json-stable-stringify@2.1.0","MIT","https://github.com/epoberezkin/fast-json-stable-stringify"
"fast-safe-stringify@2.1.1","MIT","https://github.com/davidmarkclements/fast-safe-stringify"
"fast-uri@3.0.6","BSD-3-Clause","https://github.com/fastify/fast-uri"
"fb-watchman@2.0.2","Apache-2.0","https://github.com/facebook/watchman"
"figures@3.2.0","MIT","https://github.com/sindresorhus/figures"
"fill-range@7.1.1","MIT","https://github.com/jonschlinkert/fill-range"
"finalhandler@1.1.2","MIT","https://github.com/pillarjs/finalhandler"
"finalhandler@1.3.1","MIT","https://github.com/pillarjs/finalhandler"
"find-up@2.1.0","MIT","https://github.com/sindresorhus/find-up"
"find-up@3.0.0","MIT","https://github.com/sindresorhus/find-up"
"find-up@4.1.0","MIT","https://github.com/sindresorhus/find-up"
"find-up@5.0.0","MIT","https://github.com/sindresorhus/find-up"
"find-up@7.0.0","MIT","https://github.com/sindresorhus/find-up"
"follow-redirects@1.15.9","MIT","https://github.com/follow-redirects/follow-redirects"
"form-data@4.0.4","MIT","https://github.com/form-data/form-data"
"formidable@2.1.5","MIT","https://github.com/node-formidable/formidable"
"forwarded@0.2.0","MIT","https://github.com/jshttp/forwarded"
"fresh@0.5.2","MIT","https://github.com/jshttp/fresh"
"fs.realpath@1.0.0","ISC","https://github.com/isaacs/fs.realpath"
"function-bind@1.1.2","MIT","https://github.com/Raynos/function-bind"
"gensync@1.0.0-beta.2","MIT","https://github.com/loganfsmyth/gensync"
"get-caller-file@2.0.5","ISC","https://github.com/stefanpenner/get-caller-file"
"get-intrinsic@1.3.0","MIT","https://github.com/ljharb/get-intrinsic"
"get-package-type@0.1.0","MIT","https://github.com/cfware/get-package-type"
"get-pkg-repo@4.2.1","MIT","https://github.com/conventional-changelog/get-pkg-repo"
"get-proto@1.0.1","MIT","https://github.com/ljharb/get-proto"
"get-stream@6.0.1","MIT","https://github.com/sindresorhus/get-stream"
"git-raw-commits@2.0.11","MIT","https://github.com/conventional-changelog/conventional-changelog"
"git-raw-commits@4.0.0","MIT","https://github.com/conventional-changelog/conventional-changelog"
"git-remote-origin-url@2.0.0","MIT","https://github.com/sindresorhus/git-remote-origin-url"
"git-semver-tags@4.1.1","MIT","https://github.com/conventional-changelog/conventional-changelog"
"gitconfiglocal@1.0.0","BSD*","https://github.com/soldair/node-gitconfiglocal"
"glob@7.2.3","ISC","https://github.com/isaacs/node-glob"
"global-directory@4.0.1","MIT","https://github.com/sindresorhus/global-directory"
"gopd@1.2.0","MIT","https://github.com/ljharb/gopd"
"graceful-fs@4.2.11","ISC","https://github.com/isaacs/node-graceful-fs"
"handlebars@4.7.8","MIT","https://github.com/handlebars-lang/handlebars.js"
"hard-rejection@2.1.0","MIT","https://github.com/sindresorhus/hard-rejection"
"has-flag@3.0.0","MIT","https://github.com/sindresorhus/has-flag"
"has-flag@4.0.0","MIT","https://github.com/sindresorhus/has-flag"
"has-symbols@1.1.0","MIT","https://github.com/inspect-js/has-symbols"
"has-tostringtag@1.0.2","MIT","https://github.com/inspect-js/has-tostringtag"
"hasown@2.0.2","MIT","https://github.com/inspect-js/hasOwn"
"hosted-git-info@2.8.9","ISC","https://github.com/npm/hosted-git-info"
"hosted-git-info@4.1.0","ISC","https://github.com/npm/hosted-git-info"
"html-escaper@2.0.2","MIT","https://github.com/WebReflection/html-escaper"
"http-errors@1.7.2","MIT","https://github.com/jshttp/http-errors"
"http-errors@2.0.0","MIT","https://github.com/jshttp/http-errors"
"human-signals@2.1.0","Apache-2.0","https://github.com/ehmicky/human-signals"
"husky@9.1.7","MIT","https://github.com/typicode/husky"
"iconv-lite@0.4.24","MIT","https://github.com/ashtuchkin/iconv-lite"
"import-fresh@3.3.1","MIT","https://github.com/sindresorhus/import-fresh"
"import-local@3.2.0","MIT","https://github.com/sindresorhus/import-local"
"import-meta-resolve@4.1.0","MIT","https://github.com/wooorm/import-meta-resolve"
"imurmurhash@0.1.4","MIT","https://github.com/jensyt/imurmurhash-js"
"indent-string@4.0.0","MIT","https://github.com/sindresorhus/indent-string"
"inflight@1.0.6","ISC","https://github.com/npm/inflight"
"inherits@2.0.3","ISC","https://github.com/isaacs/inherits"
"inherits@2.0.4","ISC","https://github.com/isaacs/inherits"
"ini@1.3.8","ISC","https://github.com/isaacs/ini"
"ini@4.1.1","ISC","https://github.com/npm/ini"
"ipaddr.js@1.9.1","MIT","https://github.com/whitequark/ipaddr.js"
"is-arrayish@0.2.1","MIT","https://github.com/qix-/node-is-arrayish"
"is-core-module@2.16.1","MIT","https://github.com/inspect-js/is-core-module"
"is-fullwidth-code-point@3.0.0","MIT","https://github.com/sindresorhus/is-fullwidth-code-point"
"is-generator-fn@2.1.0","MIT","https://github.com/sindresorhus/is-generator-fn"
"is-number@7.0.0","MIT","https://github.com/jonschlinkert/is-number"
"is-obj@2.0.0","MIT","https://github.com/sindresorhus/is-obj"
"is-plain-obj@1.1.0","MIT","https://github.com/sindresorhus/is-plain-obj"
"is-stream@2.0.1","MIT","https://github.com/sindresorhus/is-stream"
"is-text-path@1.0.1","MIT","https://github.com/sindresorhus/is-text-path"
"is-text-path@2.0.0","MIT","https://github.com/sindresorhus/is-text-path"
"isarray@0.0.1","MIT","https://github.com/juliangruber/isarray"
"isarray@1.0.0","MIT","https://github.com/juliangruber/isarray"
"isexe@2.0.0","ISC","https://github.com/isaacs/isexe"
"istanbul-lib-coverage@3.2.2","BSD-3-Clause","https://github.com/istanbuljs/istanbuljs"
"istanbul-lib-instrument@5.2.1","BSD-3-Clause","https://github.com/istanbuljs/istanbuljs"
"istanbul-lib-instrument@6.0.3","BSD-3-Clause","https://github.com/istanbuljs/istanbuljs"
"istanbul-lib-report@3.0.1","BSD-3-Clause","https://github.com/istanbuljs/istanbuljs"
"istanbul-lib-source-maps@4.0.1","BSD-3-Clause","https://github.com/istanbuljs/istanbuljs"
"istanbul-reports@3.2.0","BSD-3-Clause","https://github.com/istanbuljs/istanbuljs"
"j5-io-types@2.5.0","MIT","https://github.com/nebrius/j5-io-types"
"jest-changed-files@29.7.0","MIT","https://github.com/jestjs/jest"
"jest-circus@29.7.0","MIT","https://github.com/jestjs/jest"
"jest-cli@29.7.0","MIT","https://github.com/jestjs/jest"
"jest-config@29.7.0","MIT","https://github.com/jestjs/jest"
"jest-diff@29.7.0","MIT","https://github.com/jestjs/jest"
"jest-docblock@29.7.0","MIT","https://github.com/jestjs/jest"
"jest-each@29.7.0","MIT","https://github.com/jestjs/jest"
"jest-environment-node@29.7.0","MIT","https://github.com/jestjs/jest"
"jest-get-type@29.6.3","MIT","https://github.com/jestjs/jest"
"jest-haste-map@29.7.0","MIT","https://github.com/jestjs/jest"
"jest-leak-detector@29.7.0","MIT","https://github.com/jestjs/jest"
"jest-matcher-utils@29.7.0","MIT","https://github.com/jestjs/jest"
"jest-message-util@29.7.0","MIT","https://github.com/jestjs/jest"
"jest-mock@29.7.0","MIT","https://github.com/jestjs/jest"
"jest-pnp-resolver@1.2.3","MIT","https://github.com/arcanis/jest-pnp-resolver"
"jest-regex-util@29.6.3","MIT","https://github.com/jestjs/jest"
"jest-resolve-dependencies@29.7.0","MIT","https://github.com/jestjs/jest"
"jest-resolve@29.7.0","MIT","https://github.com/jestjs/jest"
"jest-runner@29.7.0","MIT","https://github.com/jestjs/jest"
"jest-runtime@29.7.0","MIT","https://github.com/jestjs/jest"
"jest-snapshot@29.7.0","MIT","https://github.com/jestjs/jest"
"jest-util@29.7.0","MIT","https://github.com/jestjs/jest"
"jest-validate@29.7.0","MIT","https://github.com/jestjs/jest"
"jest-watcher@29.7.0","MIT","https://github.com/jestjs/jest"
"jest-worker@29.7.0","MIT","https://github.com/jestjs/jest"
"jest@29.7.0","MIT","https://github.com/jestjs/jest"
"jiti@2.4.2","MIT","https://github.com/unjs/jiti"
"js-tokens@4.0.0","MIT","https://github.com/lydell/js-tokens"
"js-yaml@3.14.1","MIT","https://github.com/nodeca/js-yaml"
"js-yaml@4.1.0","MIT","https://github.com/nodeca/js-yaml"
"jsesc@3.1.0","MIT","https://github.com/mathiasbynens/jsesc"
"json-parse-better-errors@1.0.2","MIT","https://github.com/zkat/json-parse-better-errors"
"json-parse-even-better-errors@2.3.1","MIT","https://github.com/npm/json-parse-even-better-errors"
"json-schema-ref-parser@9.0.9","MIT","https://github.com/APIDevTools/json-schema-ref-parser"
"json-schema-traverse@0.4.1","MIT","https://github.com/epoberezkin/json-schema-traverse"
"json-schema-traverse@1.0.0","MIT","https://github.com/epoberezkin/json-schema-traverse"
"json-stringify-safe@5.0.1","ISC","https://github.com/isaacs/json-stringify-safe"
"json5@2.2.3","MIT","https://github.com/json5/json5"
"jsonparse@1.3.1","MIT","https://github.com/creationix/jsonparse"
"kind-of@6.0.3","MIT","https://github.com/jonschlinkert/kind-of"
"kleur@3.0.3","MIT","https://github.com/lukeed/kleur"
"leven@3.1.0","MIT","https://github.com/sindresorhus/leven"
"lines-and-columns@1.2.4","MIT","https://github.com/eventualbuddha/lines-and-columns"
"load-json-file@4.0.0","MIT","https://github.com/sindresorhus/load-json-file"
"locate-path@2.0.0","MIT","https://github.com/sindresorhus/locate-path"
"locate-path@3.0.0","MIT","https://github.com/sindresorhus/locate-path"
"locate-path@5.0.0","MIT","https://github.com/sindresorhus/locate-path"
"locate-path@6.0.0","MIT","https://github.com/sindresorhus/locate-path"
"locate-path@7.2.0","MIT","https://github.com/sindresorhus/locate-path"
"lodash.camelcase@4.3.0","MIT","https://github.com/lodash/lodash"
"lodash.clonedeep@4.5.0","MIT","https://github.com/lodash/lodash"
"lodash.get@4.4.2","MIT","https://github.com/lodash/lodash"
"lodash.ismatch@4.4.0","MIT","https://github.com/lodash/lodash"
"lodash.isplainobject@4.0.6","MIT","https://github.com/lodash/lodash"
"lodash.kebabcase@4.1.1","MIT","https://github.com/lodash/lodash"
"lodash.merge@4.6.2","MIT","https://github.com/lodash/lodash"
"lodash.mergewith@4.6.2","MIT","https://github.com/lodash/lodash"
"lodash.snakecase@4.1.1","MIT","https://github.com/lodash/lodash"
"lodash.startcase@4.4.0","MIT","https://github.com/lodash/lodash"
"lodash.uniq@4.5.0","MIT","https://github.com/lodash/lodash"
"lodash.upperfirst@4.3.1","MIT","https://github.com/lodash/lodash"
"lodash.zipobject@4.1.3","MIT","https://github.com/lodash/lodash"
"lodash@4.17.21","MIT","https://github.com/lodash/lodash"
"lru-cache@2.2.4","MIT","https://github.com/isaacs/node-lru-cache"
"lru-cache@5.1.1","ISC","https://github.com/isaacs/node-lru-cache"
"lru-cache@6.0.0","ISC","https://github.com/isaacs/node-lru-cache"
"make-dir@4.0.0","MIT","https://github.com/sindresorhus/make-dir"
"makeerror@1.0.12","BSD-3-Clause","https://github.com/daaku/nodejs-makeerror"
"map-obj@1.0.1","MIT","https://github.com/sindresorhus/map-obj"
"map-obj@4.3.0","MIT","https://github.com/sindresorhus/map-obj"
"math-intrinsics@1.1.0","MIT","https://github.com/es-shims/math-intrinsics"
"media-typer@0.3.0","MIT","https://github.com/jshttp/media-typer"
"media-typer@1.1.0","MIT","https://github.com/jshttp/media-typer"
"meow@12.1.1","MIT","https://github.com/sindresorhus/meow"
"meow@8.1.2","MIT","https://github.com/sindresorhus/meow"
"merge-descriptors@1.0.3","MIT","https://github.com/sindresorhus/merge-descriptors"
"merge-stream@2.0.0","MIT","https://github.com/grncdr/merge-stream"
"methods@1.1.2","MIT","https://github.com/jshttp/methods"
"micromatch@4.0.8","MIT","https://github.com/micromatch/micromatch"
"mime-db@1.52.0","MIT","https://github.com/jshttp/mime-db"
"mime-types@2.1.35","MIT","https://github.com/jshttp/mime-types"
"mime@1.6.0","MIT","https://github.com/broofa/node-mime"
"mime@2.6.0","MIT","https://github.com/broofa/mime"
"mimic-fn@2.1.0","MIT","https://github.com/sindresorhus/mimic-fn"
"min-indent@1.0.1","MIT","https://github.com/thejameskyle/min-indent"
"minimatch@3.1.2","ISC","https://github.com/isaacs/minimatch"
"minimist-options@4.1.0","MIT","https://github.com/vadimdemedes/minimist-options"
"minimist@1.2.8","MIT","https://github.com/minimistjs/minimist"
"mkdirp@0.5.6","MIT","https://github.com/substack/node-mkdirp"
"modify-values@1.0.1","MIT","https://github.com/sindresorhus/modify-values"
"morgan@1.10.1","MIT","https://github.com/expressjs/morgan"
"ms@2.0.0","MIT","https://github.com/zeit/ms"
"ms@2.1.3","MIT","https://github.com/vercel/ms"
"multer@1.4.4","MIT","https://github.com/expressjs/multer"
"multer@1.4.5-lts.2","MIT","https://github.com/expressjs/multer"
"mysql@2.18.1","MIT","https://github.com/mysqljs/mysql"
"nanotimer@0.3.15","ISC","https://github.com/Krb686/nanotimer"
"natural-compare@1.4.0","MIT","https://github.com/litejs/natural-compare-lite"
"negotiator@0.6.3","MIT","https://github.com/jshttp/negotiator"
"neo-async@2.6.2","MIT","https://github.com/suguru03/neo-async"
"node-int64@0.4.0","MIT","https://github.com/broofa/node-int64"
"node-releases@2.0.21","MIT","https://github.com/chicoxyzzy/node-releases"
"nodemailer@8.0.3","MIT-0","https://github.com/nodemailer/nodemailer"
"normalize-package-data@2.5.0","BSD-2-Clause","https://github.com/npm/normalize-package-data"
"normalize-package-data@3.0.3","BSD-2-Clause","https://github.com/npm/normalize-package-data"
"normalize-path@3.0.0","MIT","https://github.com/jonschlinkert/normalize-path"
"npm-run-path@4.0.1","MIT","https://github.com/sindresorhus/npm-run-path"
"oas3-tools@2.2.3","MIT","https://github.com/bug-hunters/oas3-tools"
"object-assign@4.1.1","MIT","https://github.com/sindresorhus/object-assign"
"object-inspect@1.13.4","MIT","https://github.com/inspect-js/object-inspect"
"on-finished@2.3.0","MIT","https://github.com/jshttp/on-finished"
"on-finished@2.4.1","MIT","https://github.com/jshttp/on-finished"
"on-headers@1.1.0","MIT","https://github.com/jshttp/on-headers"
"once@1.4.0","ISC","https://github.com/isaacs/once"
"onetime@5.1.2","MIT","https://github.com/sindresorhus/onetime"
"ono@7.1.3","MIT","https://github.com/JS-DevTools/ono"
"p-limit@1.3.0","MIT","https://github.com/sindresorhus/p-limit"
"p-limit@2.3.0","MIT","https://github.com/sindresorhus/p-limit"
"p-limit@3.1.0","MIT","https://github.com/sindresorhus/p-limit"
"p-limit@4.0.0","MIT","https://github.com/sindresorhus/p-limit"
"p-locate@2.0.0","MIT","https://github.com/sindresorhus/p-locate"
"p-locate@3.0.0","MIT","https://github.com/sindresorhus/p-locate"
"p-locate@4.1.0","MIT","https://github.com/sindresorhus/p-locate"
"p-locate@5.0.0","MIT","https://github.com/sindresorhus/p-locate"
"p-locate@6.0.0","MIT","https://github.com/sindresorhus/p-locate"
"p-try@1.0.0","MIT","https://github.com/sindresorhus/p-try"
"p-try@2.2.0","MIT","https://github.com/sindresorhus/p-try"
"parent-module@1.0.1","MIT","https://github.com/sindresorhus/parent-module"
"parse-json@4.0.0","MIT","https://github.com/sindresorhus/parse-json"
"parse-json@5.2.0","MIT","https://github.com/sindresorhus/parse-json"
"parseurl@1.3.3","MIT","https://github.com/pillarjs/parseurl"
"path-exists@3.0.0","MIT","https://github.com/sindresorhus/path-exists"
"path-exists@4.0.0","MIT","https://github.com/sindresorhus/path-exists"
"path-exists@5.0.0","MIT","https://github.com/sindresorhus/path-exists"
"path-is-absolute@1.0.1","MIT","https://github.com/sindresorhus/path-is-absolute"
"path-key@3.1.1","MIT","https://github.com/sindresorhus/path-key"
"path-parse@1.0.7","MIT","https://github.com/jbgutierrez/path-parse"
"path-to-regexp@0.1.12","MIT","https://github.com/pillarjs/path-to-regexp"
"path-to-regexp@3.3.0","MIT","https://github.com/pillarjs/path-to-regexp"
"path-to-regexp@6.3.0","MIT","https://github.com/pillarjs/path-to-regexp"
"path-type@3.0.0","MIT","https://github.com/sindresorhus/path-type"
"picocolors@1.1.1","ISC","https://github.com/alexeyraspopov/picocolors"
"picomatch@2.3.1","MIT","https://github.com/micromatch/picomatch"
"pify@2.3.0","MIT","https://github.com/sindresorhus/pify"
"pify@3.0.0","MIT","https://github.com/sindresorhus/pify"
"pirates@4.0.7","MIT","https://github.com/danez/pirates"
"pkg-dir@4.2.0","MIT","https://github.com/sindresorhus/pkg-dir"
"pretty-format@29.7.0","MIT","https://github.com/jestjs/jest"
"process-nextick-args@2.0.1","MIT","https://github.com/calvinmetcalf/process-nextick-args"
"prompts@2.4.2","MIT","https://github.com/terkelg/prompts"
"proxy-addr@2.0.7","MIT","https://github.com/jshttp/proxy-addr"
"proxy-from-env@1.1.0","MIT","https://github.com/Rob--W/proxy-from-env"
"punycode@2.3.1","MIT","https://github.com/mathiasbynens/punycode.js"
"pure-rand@6.1.0","MIT","https://github.com/dubzzz/pure-rand"
"q@1.5.1","MIT","https://github.com/kriskowal/q"
"qs@6.13.0","BSD-3-Clause","https://github.com/ljharb/qs"
"qs@6.14.0","BSD-3-Clause","https://github.com/ljharb/qs"
"qs@6.7.0","BSD-3-Clause","https://github.com/ljharb/qs"
"quick-lru@4.0.1","MIT","https://github.com/sindresorhus/quick-lru"
"range-parser@1.2.1","MIT","https://github.com/jshttp/range-parser"
"raspi-board@7.4.0","MIT","https://github.com/nebrius/raspi-board"
"raspi@6.0.1","MIT","https://github.com/nebrius/raspi"
"raw-body@2.4.0","MIT","https://github.com/stream-utils/raw-body"
"raw-body@2.5.2","MIT","https://github.com/stream-utils/raw-body"
"react-is@18.3.1","MIT","https://github.com/facebook/react"
"read-pkg-up@3.0.0","MIT","https://github.com/sindresorhus/read-pkg-up"
"read-pkg-up@7.0.1","MIT","https://github.com/sindresorhus/read-pkg-up"
"read-pkg@3.0.0","MIT","https://github.com/sindresorhus/read-pkg"
"read-pkg@5.2.0","MIT","https://github.com/sindresorhus/read-pkg"
"readable-stream@1.1.14","MIT","https://github.com/isaacs/readable-stream"
"readable-stream@2.3.7","MIT","https://github.com/nodejs/readable-stream"
"readable-stream@3.6.2","MIT","https://github.com/nodejs/readable-stream"
"redent@3.0.0","MIT","https://github.com/sindresorhus/redent"
"request-ip@3.3.0","MIT","https://github.com/pbojinov/request-ip"
"require-directory@2.1.1","MIT","https://github.com/troygoode/node-require-directory"
"require-from-string@2.0.2","MIT","https://github.com/floatdrop/require-from-string"
"resolve-cwd@3.0.0","MIT","https://github.com/sindresorhus/resolve-cwd"
"resolve-from@4.0.0","MIT","https://github.com/sindresorhus/resolve-from"
"resolve-from@5.0.0","MIT","https://github.com/sindresorhus/resolve-from"
"resolve.exports@2.0.3","MIT","https://github.com/lukeed/resolve.exports"
"resolve@1.22.10","MIT","https://github.com/browserify/resolve"
"rollbar@2.26.5","MIT","https://github.com/rollbar/rollbar.js"
"safe-buffer@5.1.2","MIT","https://github.com/feross/safe-buffer"
"safe-buffer@5.2.1","MIT","https://github.com/feross/safe-buffer"
"safer-buffer@2.1.2","MIT","https://github.com/ChALkeR/safer-buffer"
"sandal@1.0.1","MIT","https://github.com/marcusberner/sandal"
"semver@5.7.2","ISC","https://github.com/npm/node-semver"
"semver@6.3.1","ISC","https://github.com/npm/node-semver"
"semver@7.7.1","ISC","https://github.com/npm/node-semver"
"send@0.19.0","MIT","https://github.com/pillarjs/send"
"serve-static@1.16.2","MIT","https://github.com/expressjs/serve-static"
"setprototypeof@1.1.1","ISC","https://github.com/wesleytodd/setprototypeof"
"setprototypeof@1.2.0","ISC","https://github.com/wesleytodd/setprototypeof"
"shebang-command@2.0.0","MIT","https://github.com/kevva/shebang-command"
"shebang-regex@3.0.0","MIT","https://github.com/sindresorhus/shebang-regex"
"side-channel-list@1.0.0","MIT","https://github.com/ljharb/side-channel-list"
"side-channel-map@1.0.1","MIT","https://github.com/ljharb/side-channel-map"
"side-channel-weakmap@1.0.2","MIT","https://github.com/ljharb/side-channel-weakmap"
"side-channel@1.1.0","MIT","https://github.com/ljharb/side-channel"
"signal-exit@3.0.7","ISC","https://github.com/tapjs/signal-exit"
"sisteransi@1.0.5","MIT","https://github.com/terkelg/sisteransi"
"slash@3.0.0","MIT","https://github.com/sindresorhus/slash"
"socket.io-adapter@2.5.5","MIT","https://github.com/socketio/socket.io-adapter"
"socket.io-client@4.8.1","MIT","https://github.com/socketio/socket.io"
"socket.io-parser@4.2.4","MIT","https://github.com/socketio/socket.io-parser"
"socket.io@4.8.1","MIT","https://github.com/socketio/socket.io"
"source-map-support@0.5.13","MIT","https://github.com/evanw/node-source-map-support"
"source-map@0.5.7","BSD-3-Clause","https://github.com/mozilla/source-map"
"source-map@0.6.1","BSD-3-Clause","https://github.com/mozilla/source-map"
"spdx-correct@3.2.0","Apache-2.0","https://github.com/jslicense/spdx-correct.js"
"spdx-exceptions@2.5.0","CC-BY-3.0","https://github.com/kemitchell/spdx-exceptions.json"
"spdx-expression-parse@3.0.1","MIT","https://github.com/jslicense/spdx-expression-parse.js"
"spdx-license-ids@3.0.22","CC0-1.0","https://github.com/jslicense/spdx-license-ids"
"split2@3.2.2","ISC","https://github.com/mcollina/split2"
"split2@4.2.0","ISC","https://github.com/mcollina/split2"
"split@1.0.1","MIT","https://github.com/dominictarr/split"
"sprintf-js@1.0.3","BSD-3-Clause","https://github.com/alexei/sprintf.js"
"sqlstring@2.3.1","MIT","https://github.com/mysqljs/sqlstring"
"stack-utils@2.0.6","MIT","https://github.com/tapjs/stack-utils"
"stackframe@1.3.4","MIT","https://github.com/stacktracejs/stackframe"
"standard-version@9.5.0","ISC","https://github.com/conventional-changelog/standard-version"
"statuses@1.5.0","MIT","https://github.com/jshttp/statuses"
"statuses@2.0.1","MIT","https://github.com/jshttp/statuses"
"streamsearch@0.1.2","MIT","https://github.com/mscdex/streamsearch"
"streamsearch@1.1.0","MIT","https://github.com/mscdex/streamsearch"
"string-length@4.0.2","MIT","https://github.com/sindresorhus/string-length"
"string-width@4.2.3","MIT","https://github.com/sindresorhus/string-width"
"string_decoder@0.10.31","MIT","https://github.com/rvagg/string_decoder"
"string_decoder@1.1.1","MIT","https://github.com/nodejs/string_decoder"
"stringify-package@1.0.1","ISC","https://github.com/npm/stringify-package"
"strip-ansi@6.0.1","MIT","https://github.com/chalk/strip-ansi"
"strip-bom@3.0.0","MIT","https://github.com/sindresorhus/strip-bom"
"strip-bom@4.0.0","MIT","https://github.com/sindresorhus/strip-bom"
"strip-final-newline@2.0.0","MIT","https://github.com/sindresorhus/strip-final-newline"
"strip-indent@3.0.0","MIT","https://github.com/sindresorhus/strip-indent"
"strip-json-comments@3.1.1","MIT","https://github.com/sindresorhus/strip-json-comments"
"superagent@8.1.2","MIT","https://github.com/ladjs/superagent"
"supertest@6.3.4","MIT","https://github.com/ladjs/supertest"
"supports-color@5.5.0","MIT","https://github.com/chalk/supports-color"
"supports-color@7.2.0","MIT","https://github.com/chalk/supports-color"
"supports-color@8.1.1","MIT","https://github.com/chalk/supports-color"
"supports-preserve-symlinks-flag@1.0.0","MIT","https://github.com/inspect-js/node-supports-preserve-symlinks-flag"
"sync-exec@0.5.0","GPL-2.0*","https://github.com/gvarsanyi/sync-exec"
"test-exclude@6.0.0","ISC","https://github.com/istanbuljs/test-exclude"
"text-extensions@1.9.0","MIT","https://github.com/sindresorhus/text-extensions"
"text-extensions@2.4.0","MIT","https://github.com/sindresorhus/text-extensions"
"through2@2.0.5","MIT","https://github.com/rvagg/through2"
"through2@4.0.2","MIT","https://github.com/rvagg/through2"
"through@2.3.8","MIT","https://github.com/dominictarr/through"
"tinyexec@0.3.2","MIT","https://github.com/tinylibs/tinyexec"
"tmpl@1.0.5","BSD-3-Clause","https://github.com/daaku/nodejs-tmpl"
"to-regex-range@5.0.1","MIT","https://github.com/micromatch/to-regex-range"
"toidentifier@1.0.0","MIT","https://github.com/component/toidentifier"
"toidentifier@1.0.1","MIT","https://github.com/component/toidentifier"
"trim-newlines@3.0.1","MIT","https://github.com/sindresorhus/trim-newlines"
"type-detect@4.0.8","MIT","https://github.com/chaijs/type-detect"
"type-fest@0.18.1","(MIT OR CC0-1.0)","https://github.com/sindresorhus/type-fest"
"type-fest@0.21.3","(MIT OR CC0-1.0)","https://github.com/sindresorhus/type-fest"
"type-fest@0.6.0","(MIT OR CC0-1.0)","https://github.com/sindresorhus/type-fest"
"type-fest@0.8.1","(MIT OR CC0-1.0)","https://github.com/sindresorhus/type-fest"
"type-is@1.6.18","MIT","https://github.com/jshttp/type-is"
"typedarray@0.0.6","MIT","https://github.com/substack/typedarray"
"typescript@5.8.3","Apache-2.0","https://github.com/microsoft/TypeScript"
"uglify-js@3.19.3","BSD-2-Clause","https://github.com/mishoo/UglifyJS"
"undici-types@6.21.0","MIT","https://github.com/nodejs/undici"
"unicorn-magic@0.1.0","MIT","https://github.com/sindresorhus/unicorn-magic"
"unpipe@1.0.0","MIT","https://github.com/stream-utils/unpipe"
"update-browserslist-db@1.1.3","MIT","https://github.com/browserslist/update-db"
"uri-js@4.4.1","BSD-2-Clause","https://github.com/garycourt/uri-js"
"util-deprecate@1.0.2","MIT","https://github.com/TooTallNate/util-deprecate"
"utils-merge@1.0.1","MIT","https://github.com/jaredhanson/utils-merge"
"v8-to-istanbul@9.3.0","ISC","https://github.com/istanbuljs/v8-to-istanbul"
"validate-npm-package-license@3.0.4","Apache-2.0","https://github.com/kemitchell/validate-npm-package-license.js"
"vary@1.1.2","MIT","https://github.com/jshttp/vary"
"walker@1.0.8","Apache-2.0","https://github.com/daaku/nodejs-walker"
"which@2.0.2","ISC","https://github.com/isaacs/node-which"
"wordwrap@1.0.0","MIT","https://github.com/substack/node-wordwrap"
"wrap-ansi@7.0.0","MIT","https://github.com/chalk/wrap-ansi"
"wrappy@1.0.2","ISC","https://github.com/npm/wrappy"
"write-file-atomic@4.0.2","ISC","https://github.com/npm/write-file-atomic"
"ws@8.17.1","MIT","https://github.com/websockets/ws"
"xmlhttprequest-ssl@2.1.2","MIT","https://github.com/mjwwit/node-XMLHttpRequest"
"xtend@4.0.2","MIT","https://github.com/Raynos/xtend"
"y18n@5.0.8","ISC","https://github.com/yargs/y18n"
"yallist@3.1.1","ISC","https://github.com/isaacs/yallist"
"yallist@4.0.0","ISC","https://github.com/isaacs/yallist"
"yargs-parser@20.2.9","ISC","https://github.com/yargs/yargs-parser"
"yargs-parser@21.1.1","ISC","https://github.com/yargs/yargs-parser"
"yargs@16.2.0","MIT","https://github.com/yargs/yargs"
"yargs@17.7.2","MIT","https://github.com/yargs/yargs"
"yocto-queue@0.1.0","MIT","https://github.com/sindresorhus/yocto-queue"
"yocto-queue@1.2.1","MIT","https://github.com/sindresorhus/yocto-queue"